{
    "days": [
        "2/Nov",
        "3/Nov",
        "4/Nov",
        "5/Nov",
        "6/Nov",
        "9/Nov",
        "10/Nov",
        "12/Nov",
        "16/Nov",
        "17/Nov",
        "18/Nov",
        "19/Nov",
        "20/Nov",
        "24/Nov",
        "25/Nov",
        "26/Nov",
        "27/Nov",
        "30/Nov",
        "1/Dec",
        "2/Dec",
        "3/Dec",
        "4/Dec",
        "9/Dec",
        "10/Dec",
        "11/Dec",
        "15/Dec",
        "15/Dec",
        "16/Dec",
        "17/Dec",
        "18/Dec",
        "21/Dec"
    ],
    "labels": [
        "Super Ahorro $",
        "Superfondo Acciones",
        "Superfondo Renta $",
        "Supergestión MIX VI"
    ],
    "values1": [
        1.9000000000041837,
        1.9600000000018554,
        1.9700000000038926,
        1.9900000000006912,
        2.0100000000047658,
        2.0800000000044747,
        2.0800000000044747,
        2.120000000005348,
        2.1500000000041837,
        2.2100000000018554,
        2.2500000000027285,
        2.2500000000027285,
        2.269999999999527,
        2.2900000000036016,
        2.3600000000033106,
        2.380000000000109,
        2.4000000000041837,
        2.4200000000009823,
        2.48000000000593,
        2.5000000000027285,
        2.519999999999527,
        39.37000000000535,
        76.38000000000011,
        263.4700000000039,
        300.8800000000001,
        454.920000000001,
        454.920000000001,
        494.2200000000039,
        533.5899999999992,
        573.0100000000048,
        612.7900000000036
    ],
    "values2": [
        -201.16000000000045,
        -143.42000000000067,
        -116.08000000000052,
        -124.55000000000078,
        -61.27000000000102,
        -40.360000000000255,
        -40.360000000000255,
        4.709999999999454,
        -38.790000000000546,
        -13.160000000000437,
        7.519999999999854,
        7.519999999999854,
        5.509999999999636,
        29.27999999999929,
        91.10999999999922,
        94.52999999999929,
        100.1599999999994,
        130.54999999999973,
        103.18999999999915,
        107.48999999999933,
        107.58999999999969,
        104.75999999999976,
        106.03999999999951,
        38.34999999999991,
        72.66999999999962,
        72.98999999999933,
        72.98999999999933,
        80.84999999999991,
        71.93999999999915,
        78.78999999999951,
        63.73999999999933
    ],
    "values3": [
        -0.310000000006049,
        -0.5500000000112877,
        0.13999999999104062,
        0.7899999999924958,
        1.3399999999881302,
        1.5299999999904585,
        1.5299999999904585,
        1.9799999999948241,
        2.619999999994242,
        2.649999999993078,
        2.3199999999913317,
        2.3199999999913317,
        2.689999999993951,
        2.899999999993078,
        3.0899999999881302,
        2.9899999999895854,
        3.299999999994533,
        3.729999999994824,
        3.579999999993369,
        3.4999999999916227,
        3.5899999999881302,
        3.6999999999887123,
        4.379999999989003,
        4.269999999988421,
        3.9999999999916227,
        3.8599999999922048,
        3.8599999999922048,
        3.7099999999907496,
        3.8599999999922048,
        4.479999999994824,
        4.769999999988421
    ],
    "values4": [
        1.9799999999659121,
        1.9799999999659121,
        2.09000000001015,
        2.119999999979882,
        2.1399999999985084,
        2.189999999986867,
        2.189999999986867,
        2.219999999956599,
        119.66999999996824,
        500.16999999996824,
        1499.0300000000125,
        1499.0300000000125,
        3015.6399999999985,
        3733.9199999999682,
        5067.099999999961,
        5788.219999999957,
        7306.999999999981,
        7697.00999999999,
        8536.53999999996,
        8918.949999999993,
        9252.659999999956,
        10370.03999999996,
        10849.449999999993,
        11678.650000000005,
        12630.849999999959,
        14442.259999999991,
        14442.259999999991,
        15050.160000000014,
        15391.359999999968,
        16665.02,
        17164.28
    ]
}